<?xml version="1.0" encoding="utf-8" ?>
<manifest>
  <control namespace="CodeComponent" constructor="cmpLineClusteredBar" version="0.0.4" display-name-key="cmpLineClusteredBar" description-key="Use Palette1-Palette5" control-type="standard" >
    <!--external-service-usage node declares whether this 3rd party PCF control is using external service or not, if yes, this control will be considered as premium and please also add the external domain it is using.
    If it is not using any external service, please set the enabled="false" and DO NOT add any domain below. The "enabled" will be false by default.
    Example1:
      <external-service-usage enabled="true">
        <domain>www.Microsoft.com</domain>
      </external-service-usage>
    Example2:
      <external-service-usage enabled="false">
      </external-service-usage>
    -->
    <external-service-usage enabled="false">
      <!--UNCOMMENT TO ADD EXTERNAL DOMAINS
      <domain></domain>
      <domain></domain>
      -->
    </external-service-usage>
    <!-- property node identifies a specific, configurable piece of data that the control expects from CDS -->  
    <property name="ColorPalettePreference" display-name-key="Color Palette" description-key="ColorPalettePreference" of-type="Enum" usage="input" required="false">
      <value name="colorSet1" display-name-key="Color Set 1" default="true">colorSet1</value>
      <value name="colorSet2" display-name-key="Color Set 2">colorSet2</value>
      <value name="colorSet3" display-name-key="Color Set 3">colorSet3</value>
      <value name="colorSet4" display-name-key="Color Set 4">colorSet4</value>
      <value name="colorSet5" display-name-key="Color Set 5">colorSet5</value>
    </property>
    
    <property name="chartWidth" display-name-key="Chart Width" description-key="chartWidth" of-type="Whole.None" usage="bound" required="true" />
    <property name="chartHeight" display-name-key="Chart Height" description-key="chartHeight" of-type="Whole.None" usage="bound" required="true" />
    <property name="chartTitleText" display-name-key="Chart Title" description-key="chartTitleText" of-type="SingleLine.Text" usage="bound" required="true" />

    <property name="xAxisData" display-name-key="X Axis Data" description-key="xAxisData" of-type="SingleLine.Text" usage="bound" required="true" />
    <property name="lineValues" display-name-key="Line Values" description-key="lineValues" of-type="SingleLine.Text" usage="bound" required="true" />
    <property name="barValues" display-name-key="Bar Values" description-key="barValues" of-type="SingleLine.Text" usage="bound" required="true" />
    <property name="lineLegendText" display-name-key="Line Legend" description-key="lineLegend" of-type="SingleLine.Text" usage="bound" required="true" />
    <property name="barLegendText" display-name-key="Bar Legend" description-key="barLegend" of-type="SingleLine.Text" usage="bound" required="true" />

    <property name="chartTitleFontSize" display-name-key="Chart Title Font Size" description-key="chartTitleFontSize" of-type="Whole.None" usage="bound" required="true"/>
    <property name="chartTextFontSize" display-name-key="Chart Text Font Size" description-key="chartTextFontSize" of-type="Whole.None" usage="bound" required="true"/>

    <!--
      Property node's of-type attribute can be of-type-group attribute.
      Example:
      <type-group name="numbers">
        <type>Whole.None</type>
        <type>Currency</type>
        <type>FP</type>
        <type>Decimal</type>
      </type-group>
      <property name="sampleProperty" display-name-key="Property_Display_Key" description-key="Property_Desc_Key" of-type-group="numbers" usage="bound" required="true" />
    -->
    <resources>
      <code path="index.ts" order="1"/>
      <!-- UNCOMMENT TO ADD MORE RESOURCES
      <css path="css/cmpLineClusteredBar.css" order="1" />
      <resx path="strings/cmpLineClusteredBar.1033.resx" version="1.0.0" />
      -->
    </resources>
    <!-- UNCOMMENT TO ENABLE THE SPECIFIED API
    <feature-usage>
      <uses-feature name="Device.captureAudio" required="true" />
      <uses-feature name="Device.captureImage" required="true" />
      <uses-feature name="Device.captureVideo" required="true" />
      <uses-feature name="Device.getBarcodeValue" required="true" />
      <uses-feature name="Device.getCurrentPosition" required="true" />
      <uses-feature name="Device.pickFile" required="true" />
      <uses-feature name="Utility" required="true" />
      <uses-feature name="WebAPI" required="true" />
    </feature-usage>
    -->
  </control>
</manifest>
