<manifest>
<control namespace="CodeComponent" constructor="cmpLineChart" version="1.0.2" display-name-key="cmpLineChart" description-key="On Color Palette select either Palette1, Palette2, Palette3, Palette4" control-type="standard" >
<!-- external-service-usage node declares whether this 3rd party PCF control is using external service or not, if yes, this control will be considered as premium and please also add the external domain it is using.
    If it is not using any external service, please set the enabled="false" and DO NOT add any domain below. The "enabled" will be false by default.
    Example1:
      <external-service-usage enabled="true">
        <domain>www.Microsoft.com</domain>
      </external-service-usage>
    Example2:
      <external-service-usage enabled="false">
      </external-service-usage>
     -->
<external-service-usage enabled="false">
<!-- UNCOMMENT TO ADD EXTERNAL DOMAINS
      <domain></domain>
      <domain></domain>
       -->
</external-service-usage>

<!--  GLOBAL PROPERTIES -->
<property name="ColorPalettePreference" display-name-key="Color Palette" description-key="ColorPalettePreference" of-type="Enum" usage="input" required="false">
  <value name="colorSet1" display-name-key="Color Set 1" default="true">colorSet1</value>
  <value name="colorSet2" display-name-key="Color Set 2">colorSet2</value>
  <value name="colorSet3" display-name-key="Color Set 3">colorSet3</value>
  <value name="colorSet4" display-name-key="Color Set 4">colorSet4</value>
  <value name="colorSet5" display-name-key="Color Set 5">colorSet5</value>
</property>



<property name="chartHeight" display-name-key="Chart Height" description-key="Chart Height" of-type="Whole.None" usage="bound"/>
<property name="chartWidth" display-name-key="Chart Width" description-key="Chart Width" of-type="Whole.None" usage="bound"/>



<!--  LINE CHART PROPERTIES -->
<property name="chartTitle" display-name-key="Line Chart Title" description-key="Line Chart Title" of-type="SingleLine.Text" usage="bound" required="true"/>

<property name="lineChartLabels" display-name-key="Line Chart Labels" description-key="Line Chart Labels" of-type="SingleLine.Text" usage="input"/>
<property name="line1Values" display-name-key="Line1 Values" description-key="Line1 Values" of-type="SingleLine.Text" usage="input"/>
<property name="line2Values" display-name-key="Line2 Values" description-key="Line2 Values" of-type="SingleLine.Text" usage="input"/>
<property name="line3Values" display-name-key="Line3 Values" description-key="Line3 Values" of-type="SingleLine.Text" usage="input"/>
<!--
<property name="lineColor" display-name-key="Line Color" description-key="Line Color" of-type="SingleLine.Text" usage="bound" required="true"/>
<property name="line2Color" display-name-key="Line2 Color" description-key="Line2 Color" of-type="SingleLine.Text" usage="input"/>
<property name="line3Color" display-name-key="Line3 Color" description-key="Line3 Color" of-type="SingleLine.Text" usage="input"/>
-->
<property name="lineThickness" display-name-key="Line(s) Thickness" description-key="Line(s) Thickness" of-type="Decimal" usage="bound"/>

<property name="legendLabel1" display-name-key="Legend Label 1" description-key="The label for Legend 1" of-type="SingleLine.Text" usage="input" />
<property name="legendLabel2" display-name-key="Legend Label 2" description-key="The label for Legend 2" of-type="SingleLine.Text" usage="input" />
<property name="legendLabel3" display-name-key="Legend Label 3" description-key="The label for Legend 3" of-type="SingleLine.Text" usage="input" />

<property name="titleSize" display-name-key="Title Size" description-key="titleSize" of-type="Whole.None" usage="bound"/>
<property name="axisTextSize" display-name-key="Axis Text Size" description-key="axisTextSize" of-type="Whole.None" usage="bound"/>


<!-- 
      Property node's of-type attribute can be of-type-group attribute.
      Example:
      <type-group name="numbers">
        <type>Whole.None</type>
        <type>Currency</type>
        <type>FP</type>
        <type>Decimal</type>
      </type-group>
      <property name="sampleProperty" display-name-key="Property_Display_Key" description-key="Property_Desc_Key" of-type-group="numbers" usage="bound" required="true" />
     -->
<resources>
<code path="index.ts" order="1"/>
<!--  UNCOMMENT TO ADD MORE RESOURCES
      <css path="css/codecomponent1.css" order="1" />
      <resx path="strings/codecomponent1.1033.resx" version="1.0.0" />
       -->
</resources>
<!--  UNCOMMENT TO ENABLE THE SPECIFIED API
    <feature-usage>
      <uses-feature name="Device.captureAudio" required="true" />
      <uses-feature name="Device.captureImage" required="true" />
      <uses-feature name="Device.captureVideo" required="true" />
      <uses-feature name="Device.getBarcodeValue" required="true" />
      <uses-feature name="Device.getCurrentPosition" required="true" />
      <uses-feature name="Device.pickFile" required="true" />
      <uses-feature name="Utility" required="true" />
      <uses-feature name="WebAPI" required="true" />
    </feature-usage>
     -->
</control>
</manifest>