<?xml version="1.0" encoding="utf-8" ?>
<manifest>
  <control namespace="CodeComponent" constructor="cmpWaterfallChart" version="0.0.6" display-name-key="cmpWaterfallChart" description-key="cmpWaterfallChart description" control-type="standard" >
    <!--external-service-usage node declares whether this 3rd party PCF control is using external service or not, if yes, this control will be considered as premium and please also add the external domain it is using.
    If it is not using any external service, please set the enabled="false" and DO NOT add any domain below. The "enabled" will be false by default.
    Example1:
      <external-service-usage enabled="true">
        <domain>www.Microsoft.com</domain>
      </external-service-usage>
    Example2:
      <external-service-usage enabled="false">
      </external-service-usage>
    -->
    <external-service-usage enabled="false">
      <!--UNCOMMENT TO ADD EXTERNAL DOMAINS
      <domain></domain>
      <domain></domain>
      -->
    </external-service-usage>
    <!-- property node identifies a specific, configurable piece of data that the control expects from CDS -->
    <property name="labelsProperty" display-name-key="Chart Labels" description-key="labelsProperty" of-type="SingleLine.Text" usage="bound" required="true" />
    <property name="valuesProperty" display-name-key="Chart Values" description-key="valuesProperty" of-type="SingleLine.Text" usage="bound" required="true" />

    <property name="chartWidth" display-name-key="Chart Width" description-key="chartWidth" of-type="Whole.None" usage="bound" required="true" />
    <property name="chartHeight" display-name-key="Chart Height" description-key="chartHeight" of-type="Whole.None" usage="bound" required="true" />
    <property name="initialValue" display-name-key="Initial Value" description-key="initialValue" of-type="Whole.None" usage="bound" required="true" />

    <property name="i_f_BarColors" display-name-key="Initial/Final Bar Colors" description-key="i_f_BarColors" of-type="SingleLine.Text" usage="bound" required="true" />
    <property name="chartFontSize" display-name-key="Chart Font Size" description-key="chartFontSize" of-type="Whole.None" usage="bound" required="true" />
    <property name="chartBarValuesFontSize" display-name-key="Chart Bar Values Font Size" description-key="chartBarValuesFontSize" of-type="Whole.None" usage="bound" required="true" />    
    <property name="chartTitleFontSize" display-name-key="Chart Title Font Size" description-key="chartTitleFontSize" of-type="Whole.None" usage="bound" required="true" />
    <property name="chartTitle" display-name-key="Chart Title" description-key="chartTitle" of-type="SingleLine.Text" usage="bound" required="true" />
    <property name="currencySymbol" display-name-key="Currency Symbol" description-key="currencySymbol" of-type="SingleLine.Text" usage="bound" required="true" />

<property name="ColorPalettePreference" display-name-key="Color Palette" description-key="ColorPalettePreference" of-type="Enum" usage="input" required="false">
  <value name="Light Green" display-name-key="Light Green" default="true">Light_Green</value>
  <value name="Yellow" display-name-key="Yellow">Yellow</value>
  <value name="Purple" display-name-key="Purple">Purple</value>
  <value name="Blue Gray" display-name-key="Blue Gray">Blue_Gray</value>
  <value name="Gold" display-name-key="Gold">Gold</value>
  <value name="Dark Grayish Purple" display-name-key="Dark Grayish Purple">Dark_Grayish_Purple</value>
  <value name="Pale Yellow" display-name-key="Pale Yellow">Pale_Yellow</value>
  <value name="Pink" display-name-key="Pink">Pink</value>
  <value name="Light Blue" display-name-key="Light Blue">Light_Blue</value>
  <value name="Teal" display-name-key="Teal">Teal</value>
  <value name="Cream" display-name-key="Cream">Cream</value>
  <value name="Steel Blue" display-name-key="Steel Blue">Steel_Blue</value>
</property>

    <!--
      Property node's of-type attribute can be of-type-group attribute.
      Example:
      <type-group name="numbers">
        <type>Whole.None</type>
        <type>Currency</type>
        <type>FP</type>
        <type>Decimal</type>
      </type-group>
      <property name="sampleProperty" display-name-key="Property_Display_Key" description-key="Property_Desc_Key" of-type-group="numbers" usage="bound" required="true" />
    -->
    <resources>
      <code path="index.ts" order="1"/>
      <!-- UNCOMMENT TO ADD MORE RESOURCES
      <css path="css/cmpWaterfallChart.css" order="1" />
      <resx path="strings/cmpWaterfallChart.1033.resx" version="1.0.0" />
      -->
    </resources>
    <!-- UNCOMMENT TO ENABLE THE SPECIFIED API
    <feature-usage>
      <uses-feature name="Device.captureAudio" required="true" />
      <uses-feature name="Device.captureImage" required="true" />
      <uses-feature name="Device.captureVideo" required="true" />
      <uses-feature name="Device.getBarcodeValue" required="true" />
      <uses-feature name="Device.getCurrentPosition" required="true" />
      <uses-feature name="Device.pickFile" required="true" />
      <uses-feature name="Utility" required="true" />
      <uses-feature name="WebAPI" required="true" />
    </feature-usage>
    -->
  </control>
</manifest>
